,left_elbow,right_elbow,left_shoulder,right_shoulder,left_hip,right_hip,left_knee,right_knee
0,137.6443414710058,67.50153326597484,2.3469657564866138,14.351548760622148,176.96846367343167,158.67466263203653,173.92773697297747,159.4369751684617
1,142.31832491845967,40.02398295929407,7.340414697726166,12.942965871418311,176.61077548402125,159.03308814550357,167.08598116812274,158.72203583839269
2,143.78037407010984,38.555253226338884,12.312937124306693,12.930707746063351,173.81387286155228,158.69077685472706,164.28205486585773,157.43061241865053
3,147.0452772594854,37.359466948513116,16.59649118907901,12.469839050812217,172.62279898471343,158.37888209800423,160.8670300739266,155.52019439231023
4,142.99183938278196,45.16502516772237,18.179723133271423,13.202609900987119,172.62484186458377,155.9996085404908,160.19670874696075,151.71104135284193
5,135.10550571751773,29.70833175457411,14.226643965947654,15.120561633805501,171.04189582549526,154.76348944746505,161.19220475891137,149.03581746775936
6,121.97438807399512,10.054903599465337,10.306254549231527,16.67779722340187,171.4136886478711,154.0489565508736,162.4922496219829,147.13338505311899
7,106.71850577120544,68.68084159809524,5.530908844704955,18.86633433005474,170.00040276580523,152.50242441475442,164.31738686385143,144.6781437988631
8,119.44414899663889,157.13711870841024,4.032044177021975,16.308033298701087,171.0590647928281,152.5197021029473,163.88173108248657,143.9150586510334
9,107.21712215960382,154.03670177622692,9.728370876068094,12.892226084642225,171.21635384029415,150.79148016505312,162.68934168424886,141.899967152882
10,101.55744478450373,158.31548323816372,23.66631316323194,11.946821853041342,169.61369803950916,150.40495330973368,162.59279578178433,140.03266812914345
11,99.02078995873991,170.7864948345665,33.81112682903547,14.297440446427496,169.51560126763883,149.46841161752823,162.312263698118,138.31398169062737
12,98.3583099478621,171.83381987255433,37.336043602483706,14.034013483762335,168.6415754642066,148.2805964160613,162.11839224389175,135.71346989504315
13,94.62475992233188,171.19471677104283,39.10932599902556,13.866050750235557,168.13422167778646,146.95942711102242,162.40735878918036,133.43367381099446
14,96.37179306880562,167.96687042947482,37.03522861773941,12.522571135308617,167.74988916882128,146.86235332388426,163.23278838960047,132.29113641114319
15,93.90003576139667,168.54046676473666,37.662251253679166,13.486120659324177,166.58668860324065,150.68594130546435,164.14681200524072,134.9207720449918
16,96.80541928146997,168.03710327080466,34.90812162702657,13.382124228502022,168.0074191092285,152.02889556843752,159.66956588322154,133.71880592311862
17,98.63907893253692,166.95507254665503,33.87865664881584,13.943036542023114,173.36616038635285,155.98536850174725,148.41382126274343,136.4775344846133
18,97.44767152723071,168.4131270708802,35.69667947562656,14.743563040079893,176.6295339411644,162.6013753143813,134.3380028367179,141.27980716506508
19,98.36552761878326,169.0180289588006,36.11407755571326,15.502083962997531,176.9282973508324,167.0275928280622,115.06468559939204,142.480699499975
20,100.2338614366259,170.12901346102083,38.70141266388846,17.884293976330397,173.50108426782347,172.91151953635838,104.95888986817766,146.1514880776303
21,100.08258762608175,170.10999039301015,39.85711741381845,22.135706223609724,163.39077204922927,172.65469896334756,116.1234685468291,153.42200035900018
22,99.51190132824858,170.305984856159,41.57259369300731,25.483742743201756,155.085127537741,173.7840051375751,121.53725447696057,158.37944261055185
23,101.94337714144908,171.3667221192951,41.61245172761208,29.630641533341976,145.9246772288368,173.9901777300937,131.99880810266018,156.41962206088849
24,105.8644731911603,172.8506935531063,40.4824200345714,32.620389659700564,143.74420012348037,175.92717803719364,139.52656445254635,159.44816094863697
25,110.09589028030939,171.2968250826499,37.44708592848598,32.73531561047614,145.30769094500175,178.19744474264652,146.94111512187877,159.77864004352793
26,108.66845704566431,170.8425995584966,35.16464594959388,34.08316433297618,150.68887161208156,178.93255601349398,151.2795936069452,160.12756002703924
27,105.72498170586769,173.53653822431696,28.077245015998756,34.84726353565126,152.16063819201125,173.03269192770614,148.36075345994934,160.79891252758253
28,109.5854070480059,164.52224311346308,13.493879875143765,34.599146190073746,151.46858771801917,175.11349758562037,147.11384146874624,157.8840494798955
29,92.66409246804649,116.2057152248597,3.205446548158482,13.029703779606002,150.06110687939398,174.76008229182008,145.70257565604484,156.68565171523406
30,88.03139329429462,120.47157158727279,6.531075456337429,2.645586322135787,149.66019396422072,171.71990151478903,147.32042589371403,157.18538280016773
31,74.80377904216314,123.83183981462366,17.5591307005567,2.163587759531576,149.95397789103495,168.5887277365749,147.2569391466779,158.33099088980615
32,121.72716497009706,113.11990267568122,39.35907421100676,7.476635822537253,149.96597671774893,167.6330756436098,147.6198329624942,157.081002632882
33,164.2631167012539,95.92128737832233,67.69950676271968,16.634745134124312,148.53824324496563,165.59416706566876,146.61105291894125,159.60087872067115
34,163.85698409480975,94.55175318167981,79.9116907212568,26.614415466072902,146.36568922919696,163.98651018989366,144.16259771414963,161.16431568891673
35,156.48986236348554,102.26234127661057,83.96648060043098,32.23185710986864,145.97195055423845,162.30363674469737,143.8962875542954,162.62453819683293
36,159.55605946206086,106.66661105829988,87.6052446838091,31.78872587167544,145.44125527934065,162.67414261044667,143.15391068383147,163.1735933727744
37,161.34552460230117,105.08522365113915,87.32902661843399,32.25981734993564,145.69441585380014,162.74359956118363,143.00957144902173,163.84568511293162
38,160.79167725654563,104.34303548152519,85.58093112258689,32.129005584452564,145.84566813548398,162.08780754947477,142.7943409303815,164.8304810262115
39,159.6559237042966,103.9118144065121,84.88482039971187,31.529133720943925,144.9707623416312,162.58245055380334,141.98786438910676,165.44202625776344
40,158.04835548857463,104.38266430253907,84.02718767370119,30.518780004361947,144.41888210610895,162.49438893970702,141.17882752773934,166.02003506252683
41,156.46149754068898,103.76849424408078,82.96199875598982,29.26739815185221,144.3215048433004,162.58783238198166,140.97730131357864,165.88700875741998
42,155.25732551175471,103.82491023913573,82.45066305191936,28.59419720845725,144.67438299198923,162.48271578776408,140.9724318444817,165.8102439208367
43,154.68589766035225,100.87543408088581,81.99006751638022,29.46614367446498,144.6011625724375,161.81140059808428,140.39644056840115,165.47646086172622
44,154.11018057164617,97.69799372527028,81.67134657120137,30.044115756046047,144.51568365553473,162.5179102279475,140.63991421148634,163.50019286818443
45,154.10368441599354,95.60505016022388,82.12718362858001,30.073747388967508,144.33108165207193,164.02679082546067,140.9815211417847,161.50002146717517
46,154.84074010827752,94.76775212747991,81.9978653516463,30.48607295599831,144.83766992667722,165.59156852331984,141.92324551047852,157.92587317405403
47,143.24993135176416,93.74556230403465,76.79401626009967,31.294626641269005,144.66453822086646,168.13090130807717,143.65239341201973,154.29646094942257
48,132.12566486705836,95.95111124241477,65.58559168279895,34.81417026106286,148.07569409384442,171.1022647851026,149.93550673466507,152.0580354373245
49,122.20655124575083,100.15397286777946,52.16866896943675,31.97495502328271,149.05789088493054,176.40518211498653,156.679615537973,149.2411521206441
50,111.56398576644344,105.34733056654646,38.50498916297525,29.5956753839334,150.9766956996205,179.93946512556477,163.9860841129717,148.0778279792253
51,115.32906940599206,112.47300791224063,29.061447226356687,24.440022773109174,149.54655323954864,175.46244905689176,161.5035810497666,150.43664533442015
52,124.78335863530903,164.61582550060842,23.845297512519107,6.992193224194008,146.37610171471863,169.19798401704,148.98012405079209,147.63815262057042
53,128.4455342433382,162.73240867819504,17.14096571041721,12.062806470424771,151.2554242119552,166.82463089291457,144.8192926488473,149.64989388271553
54,125.31473848234229,131.24385534733415,11.410726084436089,10.225911519316824,152.64499768581854,164.24363644590977,134.55603175730243,151.3373291172709
55,122.34103440968424,133.26542647589858,8.78334239483633,10.69228907996042,158.57167881150318,165.76692543002378,135.32305466014515,155.69489647873587
56,115.38047976689182,128.63419151834668,0.8072193283139028,8.667414412846266,165.20813158407285,169.69561820291278,124.51648296844503,158.91174868577383
57,118.67327731292735,137.49337227979512,1.346939026880559,6.268937503046499,169.3471050322487,169.48380397890028,130.4850407681991,153.37407379730718
58,122.11099449306295,144.62842370785816,2.55999547333311,4.854101352527164,179.7281938815011,169.0154808103715,140.56450173373858,153.5907737496499
59,117.46695238936555,156.81231211768352,3.4339497431893298,5.630825104209895,176.48158738573434,166.8986583206305,151.88184030277412,152.08204211132352
60,114.1867901388485,174.40449132886448,4.1616114922770615,7.911629768827417,168.43435050975867,165.8652608970275,165.96361012192477,152.72930970697533
61,23.677564166929525,100.54075301616335,12.146845538182763,3.7303871397934287,157.62216289885464,166.12333258602794,154.71186729133302,164.09045774584433
62,13.874046842485402,99.04780410769854,13.959958424777607,4.481165525697432,157.65619175557873,165.86696469434682,153.80203055674707,165.2574323767204
63,2.5030937396783433,95.1086320030872,13.974955836618324,8.04511348068628,155.9271322104813,165.9046284899314,152.46622338896142,166.51952136491784
64,104.22200058646504,97.85813534939396,10.482309262594649,10.905904628378254,154.68083970983582,166.20836057734329,150.52461082676157,167.23472482864722
65,156.92882049397386,95.96227878255613,8.299056099084735,22.498311940457842,152.42016203236676,166.31784254436243,148.33906258545673,167.52457728170924
66,159.05520777420244,98.5856310060924,6.942126530701207,32.7441239042774,151.1531459869885,166.21746518360516,146.81710746037484,168.03672460000448
67,166.5331592998868,97.27576477220207,7.8862628811736375,37.58013560295142,149.87026473804517,166.2348356578419,144.9462888724942,168.44423184025334
68,167.72544959218973,96.95586038809878,9.112596964051804,38.29138322937169,148.51832779636197,165.78069998313148,143.96690929773138,169.3783081162448
69,167.7416353566781,98.56182307619221,9.543379625320187,35.817449664700625,146.98436966429688,166.91142196777088,141.55247806714155,168.21612968677837
70,168.39986882070292,101.01794341500323,10.086072029838194,35.203853984009356,151.66560647504275,164.30155360779813,143.95908647573617,167.7093626875019
71,170.0969200830583,105.0832795669377,12.536071487805593,31.657575912793572,155.92711684301628,167.77521479044668,147.05158584519387,157.12048707735855
72,166.87759840995005,105.0530294945496,12.876641203261736,29.30061082065958,161.0173585460083,174.29333112391996,150.4471527514179,137.10758302619308
73,165.92726704632503,106.16297618578042,17.349456822475503,29.569313247157265,162.1175298674134,179.35366082855776,150.72828562663426,123.55693568620393
74,169.90328456320668,106.41742615768945,22.54913093925223,31.72628472550669,162.7629572111441,171.94963868062788,149.15344351170418,110.99714352025326
75,169.71053998473363,105.86832201553385,29.279903396992157,33.255865992758785,163.84982728185147,163.3227125358808,152.34953025871013,120.99271403225367
76,167.85777100887196,104.35678030255279,36.86415843358175,38.04251815409936,163.35342377882492,155.5209077263828,154.47077698799535,123.50882886822207
77,174.5534178643197,103.72746821059215,44.7575084352972,40.421424432377506,165.25133519365784,151.81047042196667,160.07009089229535,133.63903109177636
78,177.2027810815281,102.28452250298855,49.629352366028186,42.0177835632843,167.8259875827381,147.61890659205935,161.78064713961098,141.19666481219383
79,173.3888290626857,100.27524655212052,52.16400957608311,41.41839642647767,169.8067191973593,147.0903541443424,160.9166637721635,146.05427752233652
80,172.66908474968577,100.20036817684975,51.92508235910899,38.40550972112414,173.53467551172164,148.73719418439873,160.5245193731752,152.34277468496933
81,175.6629821755637,98.15461924653722,50.37417410142971,31.36028463068713,173.86841003251595,152.06157766525536,159.07448770067435,154.36856057888667
82,168.0743301123272,96.54934717094069,45.728572805250494,27.287942876985987,173.18671200649416,159.4640226473452,157.9603549641214,157.12352403390494
83,151.08704383831767,93.23963092133596,37.32802924141222,14.783636289328285,177.302330899963,158.64330605523554,158.37960082933856,154.23881003614025
84,126.95891666743915,87.66550310718803,28.382617924925384,2.617661173116734,179.86127358776764,154.96696827680705,158.8129955258391,150.10027301390866
85,112.260308998763,84.39891514020837,22.03998274872999,9.900721358910413,178.00169248212066,154.85675408458246,159.09796266211754,151.66254223600572
86,115.45386659597472,120.63472487718627,20.239448005860158,25.937957934676277,174.53434163613113,156.19473743225703,160.26938636286718,152.53078766699952
87,91.23472605658782,144.70989196497877,11.074350016033845,42.42518387272095,173.28538236183695,154.9429644528938,160.20130171192991,151.9153260302942
88,91.91714342636766,150.57350148851273,22.04575480989898,52.94149032536422,170.45399820848777,154.4719742084516,160.67860736219066,151.60166372381286
89,96.51774995388877,143.95096134814662,29.91903253917359,60.3363157462684,168.6083775445144,153.4224918250437,161.3020694952095,150.97449643696103
90,100.39703032827447,145.21605855934362,32.76914523866367,62.501753393195386,167.93000425323726,153.19731204587347,161.4073268616063,149.78927239303954
91,103.12316896511352,148.79845443897622,31.172780232322683,65.39947708843155,167.727592308803,152.90980115146488,161.73862336613928,149.26049051584857
92,112.7786675283057,150.9429382465411,27.066974638118403,65.86002497744003,167.4456569719235,153.3037846554285,162.29696450346157,148.69575302615607
93,107.98594391366089,151.63067826946948,29.743720653656368,66.72880589038836,167.02460977309906,152.7500951062363,162.58817646517258,148.3126043264481
94,108.25104497597962,154.73023333069216,30.45885617495743,70.9094460455051,167.38282741719803,151.0943409061846,162.61575207559218,147.20966905947432
95,109.55145082807853,155.59837483417564,30.72259464399843,72.14987717671671,167.47947161471518,150.76448492844574,162.584840065697,146.74496888524234
96,108.09720806879223,156.4786672522837,31.200975850241647,72.81405690342744,167.5844237144128,150.46606167272066,162.3924287115777,146.2813004205183
97,110.26704191351124,155.54551905349456,30.00280753862697,72.7020633018438,167.927909873983,150.42337837468264,161.2826594621182,146.0457823506712
98,110.03491723075369,155.07612327366428,29.303680886358034,73.23583020543484,168.38584405070065,149.92222956984432,160.24751845224324,145.95955912077372
99,109.77676879975795,152.81350857450414,28.502585472955197,71.48880359349981,168.29787406163436,150.0855733218177,159.61553185944243,146.186575361802
100,110.43083536457046,153.4064539286215,27.969223693141178,71.36182112605344,168.94461307569705,150.18346420406132,157.9222066937375,146.50961364419837
101,109.37215577040206,143.6694932955436,27.874257062674047,64.53665184990322,171.35820304521994,153.66417224539373,155.37326224655038,152.35191069759972
102,90.44666370736927,136.47584314674862,26.03430803952879,55.14036668314744,177.09136059880277,153.02472675298296,152.44845487667357,157.1540065616998
103,85.66103027026213,123.72401351122227,20.51541668218117,38.527380340576954,178.3623173710456,156.19398266601155,150.6755978088349,164.2024979711839
104,147.88273601686026,108.85754474926591,8.27350942986966,31.943080467868608,174.02058367656863,156.19590792749437,151.6662627394009,167.38347288105393
105,109.1310228250749,104.23042743280237,27.552364164838174,25.002141191690434,169.66089456280582,153.19597574476785,153.45052158649324,155.95841431405591
106,129.37949290530597,92.79548308222881,18.666348834829357,14.828137961371143,167.72425070382602,152.20677722821628,156.01448108763793,149.7586102421645
107,124.96335805064658,107.87080106418249,16.27093950224396,9.696770178921481,167.2214544066841,152.13453449804112,159.66469931228596,140.13473442932894
108,128.309113192375,116.19319281731451,12.044787817893438,2.96380763303671,166.13645658369762,154.62979276927416,159.04280807338216,136.10187488396943
109,156.2910702619336,127.56985287906313,7.850146147808266,0.23511742324301807,166.37870542472265,154.60876482726394,158.74436137944699,130.8217378958103
110,155.82210898121932,130.5771229897829,7.710181541398966,5.040607689786705,166.4853959309467,159.68868712212065,161.7755798578012,131.87745815961412
111,153.14147415562533,130.18365113393463,6.299944628121475,6.883077761386006,167.77713613883344,162.61296526831723,164.97549252233713,129.2481154857168
112,154.96917262080973,121.404272556411,5.1375265437556505,6.380961284602256,167.8066618849733,169.66716778693004,163.86874311773641,142.23134397108785
113,162.2296588573487,121.42256048872792,1.4099514739956784,6.308551594241229,169.4628715473491,175.41600577779133,164.93104788526475,151.5216054800321
114,134.9155299607609,158.33501504119576,14.112916789006304,7.824435143120095,160.49685516348922,179.9756097297138,164.87259377810108,151.79789324366678
115,139.6743892048701,157.08399631630212,12.612805245399,7.158573731176341,158.9124208302909,178.46858743237402,162.64946133964807,153.97666352669123
116,149.1698136614168,156.5856697151443,11.881242647686046,6.5977829086701245,156.14942751042636,179.63643380646423,160.3348335907753,161.49976700532545
117,153.86859685265878,153.00496695278628,10.322052681849874,6.059129086751716,155.54700060438495,176.70943846810565,160.51698082199925,169.65936496084228
118,112.27851348012146,130.7446786974539,20.269324499915164,15.070338103223271,162.06662693306995,148.8809289683574,173.87867963068163,145.32600088446725
119,109.49131769091393,117.19255803097612,18.92689616697039,17.90086152053176,163.18892169142708,147.28301928500906,173.67525028433528,144.1729882969972
120,112.16982009769602,75.29300190397788,17.125751307017474,17.83324282007613,163.7770400763103,145.90651268399105,173.8417242609205,142.68707212413574
121,98.24031418706036,32.31668446725588,10.809936212139066,14.969052005669239,164.55708846660303,144.41578293546175,173.1402617816459,141.23206655608752
122,130.51882188227404,136.15427336953425,8.355438816099571,13.05304406274419,164.89818943134853,143.26770258719256,172.9321681339813,141.10791309338953
123,105.74175136637425,164.28318063754375,8.95951127671032,13.913653202543143,163.0249571759724,143.22981895337188,173.4043873252211,141.44874243197813
124,97.78738409881922,174.10203093696984,20.911877878346893,16.948033689601612,161.49670279213768,144.154518094238,173.20245546160862,141.3624057160123
125,100.36865778306506,176.508489025438,34.57143623101031,17.76299752619231,160.08043952959488,144.70563985388617,170.45043328385367,140.1693309328098
126,96.02577316658397,178.44829093944176,39.761862649157145,18.78782182038679,160.85125734144628,149.1127503224405,165.73122886901345,142.7895483020705
127,93.51755712530945,176.0907705989774,41.8577165994535,19.003197594624847,166.36877997976273,154.35632354626648,155.81086988611543,145.75914270926197
128,99.16495108408297,177.0850992592098,39.13147237505186,21.288761075476902,173.93837096656645,158.6220287511292,145.42283037533443,148.83728584208222
129,100.16933244540299,174.78071040447364,38.496187053592685,23.261348994636666,178.1162291056219,162.4075294346461,145.92675517181732,152.07876339792543
130,100.84412473939067,178.15087434180242,38.69091287853683,26.94117108663771,172.3277888726304,163.1468329783738,142.98571749573057,152.6099328149957
131,103.5244720427212,176.43517959514057,39.10898530783027,29.209925389721136,162.42749075803576,163.19380906514564,143.28157476701554,152.3591426385689
132,102.64326454594462,175.87341248701654,40.1545150680681,31.99816976917825,161.96963405992093,167.68188906841118,157.16524387211393,156.92901384259824
133,105.54072209359546,173.2958708728878,37.371151359837256,33.15486183924615,151.3806089239802,171.08692246027817,148.20617613381933,158.31641379846968
134,103.47126839943465,170.44266226686034,34.14996805204567,33.29655947683586,154.231841273941,172.5094414106601,154.7734989665912,156.10151134965193
135,101.27143365651771,171.4874785447562,27.232566411269136,34.085250912370824,151.32994265487892,177.27079999050392,148.53548865218949,158.1141490544965
136,100.10916852621932,168.13388268357082,20.530398805402594,34.10784219482107,152.97240263045623,177.6798642489045,145.36788265309755,156.19082977437668
137,146.11154817901496,154.8455129946809,11.029743394980786,31.569731735694962,154.10389354887965,178.742747648126,144.20711055144957,154.7658001504305
138,105.89644111172149,121.42928211782092,8.893574253574604,27.32610087209171,152.37140644224706,179.9784905590167,142.4785985914602,154.8391236292209
139,89.8438339378656,78.6029308460418,9.81310025216384,9.791934137632563,151.46153172639603,177.74325604206268,143.35903737830387,155.99675417828897
140,102.35649992041449,53.31174289741251,31.791243099740452,4.366296972287699,152.19150016590535,176.07324640361873,145.8456429682831,156.38950935133624
141,152.98802322585303,56.35026990914497,65.96506828334677,17.54138509487115,150.61070163391616,174.92224030475808,144.0628562462997,156.79288705622406
142,162.89268337900856,65.41499532908048,79.40092646044444,24.588479722799292,149.1642511332583,173.55393349882308,142.14450656070693,157.442367449056
143,160.58861178347186,74.45646023106684,84.31305584980198,28.159267601299614,148.8642093792819,172.65808031489567,142.58804664720583,157.9683196655905
144,167.67977887262725,81.463308421192,88.32357980000847,30.401305424063793,150.0209589346775,171.68378238620116,143.71053836453513,158.88129874487808
145,168.2981379851794,87.26252745086225,88.73145265697102,30.540418893637465,150.60011329813443,171.07772298686652,144.60106425883384,159.50568450101565
146,164.96374668872167,89.20968877776113,86.58412702794875,30.56374195259476,150.8662966382885,170.70159011168366,144.77526109900487,160.06520353713748
147,166.654396201643,89.11781653700847,87.70155140087337,30.444382634682103,151.1695670088457,169.80913784651807,145.5448242734104,161.56813739380908
148,169.41892890123,89.73217810745301,89.7914980691932,30.67945676619033,150.9015212344883,169.2718312549025,145.5269925687302,162.8427944105496
149,168.22639913225137,89.96158521559653,89.12623600575598,30.77792530490602,150.7973976588463,169.06628616063014,145.7157991082378,163.22772674611522
150,165.1145812344013,91.06533718833994,87.3161752561688,30.78560477454722,151.13817935663292,169.11869390201585,145.98055881607,163.16046255857083
151,164.36944467434742,92.05586731125764,86.63183245926324,30.451960962529874,151.28805160055774,169.36727333646223,145.9057332986003,162.573690254917
152,164.2732830461895,90.85602738751642,86.3595854658764,30.848282794078358,151.3355449611558,170.35321229214847,145.60918816478002,160.43932209012908
153,164.5793883607474,89.73327294336694,86.68950836311191,31.701844173443536,151.62339318392324,171.62127456698542,145.68003161736954,156.80773241337837
154,165.2685996878434,89.36615342817902,86.57110455427953,31.797192809384892,151.83068592088696,173.96805794667844,145.9641208744957,152.8011248956764
155,164.66407915852687,90.64107145002123,85.67711565921041,32.14957913956938,153.84941174799866,175.9880999045588,150.14976173932607,150.65770726194327
156,164.94647268683764,93.45018206371154,84.84352087784342,31.13980334431547,156.63812569891954,177.39235486858908,156.23350333892554,151.3988665141232
157,152.35011050526083,96.78836028417354,77.89365839059026,28.826901599762664,160.4890132383647,178.68766853832852,165.80181181982795,150.96812405166787
158,144.86078123585554,99.35838400326845,70.5499349919376,25.336154437440577,160.97151506729693,174.9095237401142,170.61885739461013,152.21511068047985
159,131.73519822960725,104.16354282016506,57.17079585854145,21.355508110083104,158.91345746774803,173.2705197554816,164.31727416585858,155.74329965957185
160,122.2255329691362,112.84268853548888,43.685728136525796,15.773581528217566,158.25880297794183,170.16032259633315,153.52885473847599,155.30845095620512
161,118.06202315496827,126.51762299282053,27.731063505516087,9.504021216452255,156.7716932153901,167.51738781544296,144.5099748344131,155.55032774230423
162,112.07668254767248,141.62989938183534,21.034361948344348,0.6227031470894708,156.0522420198424,165.3575537510623,139.15008562139172,155.49983725694443
163,97.40152659408675,149.6833928842337,14.313248546517745,3.5032259758942814,162.91969029831432,165.6611539768058,146.82539796956547,153.93450047333516
164,111.81349619796198,158.44363676998822,12.544618297571105,6.005342065363394,167.80517442760012,168.70796703336038,145.72508920399702,158.14545616437033
165,122.46670580605051,160.06656650126854,10.133321565874576,5.4680236980167205,175.65117072863964,170.64230030913083,152.08426263375827,162.4836599915553
166,80.17015551340688,50.52167320609677,0.22473208804666975,15.274437094586279,148.50911326837283,166.2612340118682,149.1056942025617,162.5924427865421
167,92.22489013718047,52.981087172891804,9.732892193665283,12.022609511089923,147.79469571489108,164.72277026639148,146.442282440431,163.6455199732693
168,18.062811443299996,59.260221156846384,19.327239165649996,2.1545978824314647,146.98014630705458,163.59536718563146,144.90543234280707,166.25120781579696
169,99.23327994244617,136.47234261211875,19.445178513477703,2.8938121172756195,147.6911537285,163.2881927633756,144.44636958912517,168.00562485389045
170,19.911078943854356,153.07469261730168,15.261658735196232,7.052041655133865,147.27892535002653,163.48364342866844,143.3262683290642,169.52658139780996
171,130.72201185510676,132.6894102207662,9.573245290524438,13.505097374311072,146.8542466855465,162.623704042357,141.49311127809352,170.48023261117774
172,157.46080278732458,125.33711871037599,10.656920496023668,17.759376588537652,148.0559471621675,161.9616191555448,141.36306826657616,168.03798873637663
173,174.0317175856688,129.33142214427397,14.26740150278474,19.949116575599735,148.75593222425186,160.9098009595301,141.0468358568942,166.6921438444376
174,174.34465311082315,134.6321198753121,13.888443480901625,19.947410061536413,152.6713241483705,162.43738434292047,143.13563161547407,157.43652921050443
175,171.51859594249078,138.1737033386524,14.969370179698249,18.586368595243854,158.38688247921255,171.13455911290268,146.6959175820493,140.83120055691137
176,166.37491735161032,129.11176311180026,18.418183038024114,20.65744634675075,158.9497537814634,176.76337149185844,146.34445659189626,121.34185816045155
177,162.61648437267198,133.74110610807736,24.010048507601955,21.659425857047815,159.3339711856421,166.09243644187092,147.25854945926707,104.23125981743976
178,158.72038648507814,140.3021607699685,30.128957338584364,26.45144084485178,160.27411448361704,162.53702639749852,146.6017598651599,113.86749110349035
179,150.58556316511948,171.0725819951009,37.52559764192902,32.07775599056905,158.71024143229877,154.46830613981626,144.68646127932809,112.28159508533463
180,153.7140733211284,106.10765363576496,46.60033786870006,36.96228158445862,157.3902989837951,151.944768417307,144.74792233153326,116.9720574911187
181,162.14884502050478,105.22182307201886,53.08910474283006,39.28581749550941,159.12599129994135,153.2845741168258,146.87411951181056,131.40271060227917
182,172.43282820476975,97.11788692759194,60.568091922722644,34.08829294198437,162.34017830904733,148.85178562720844,149.35187330270344,137.91526476076
183,179.7662158340452,97.2840522402577,63.96605658442342,36.147164669543216,164.57257362701617,155.25218825441868,147.9979163094843,147.36310645776453
184,173.20103489173525,111.44794725261914,61.17760291878766,30.54779495301348,170.1744651055192,157.12247113258326,149.24476421584302,149.5508827370247
185,161.26823694241895,148.64353140974274,56.02962112806521,21.6300708579655,178.3526695669784,156.79210879133268,151.54230291147925,148.91364562149687
186,140.6292378127416,126.5459609576461,45.17473503773946,20.30562079826661,178.01481491194286,158.23104693467232,151.5567483932568,148.30523768804548
187,116.34785473600732,100.93001138154992,32.09431123389825,11.66590652988328,174.04726947224728,158.64078315993754,153.6707627919577,148.55793638761332
188,75.71360832079287,101.46897528655576,16.002108598488746,21.13020140459334,171.01821832897298,157.7502572714449,155.01342605214475,148.9559680476264
189,49.54355797097127,124.30253073761267,0.1307908397375847,40.49288943769805,169.33916591717536,154.62583169210407,155.7399036248405,147.1958192663177
190,45.41266159995172,155.25287662224082,16.424161634631,64.20189065194482,168.4993341116128,152.5429333185723,157.59455739036719,145.63648837197172
191,56.62317215280203,158.78802439550284,23.894378521979366,74.30515567274412,167.5632747909258,151.993166048037,158.61400504291979,145.71171871885394
192,75.4640255394363,168.1622766750191,27.52330426166433,82.64553252804936,167.19127630797652,152.05611607739112,159.71939057399015,145.1913764164906
193,85.16611118126977,169.85626629680567,29.06715195957277,84.1098661370163,167.00130240906535,152.3751132954415,160.6024625750195,144.7919253415258
194,87.76031420588299,171.57878407681,29.848219117162348,84.10152757555284,166.3247470424223,152.98501426878735,161.5824577024555,144.72654903122867
195,89.39882830738873,174.2084768320818,29.80259688491713,84.61787490956955,166.55802114698452,152.58935615634402,162.20018202889742,144.27300651353949
196,89.55627833332507,172.7629694827683,29.643523597891548,83.67491630988422,166.42058860999546,152.52368341303557,163.04218702891725,144.22314456028582
197,89.68222119672086,172.4365212873992,30.02352393604521,83.17056046819458,165.9732903592479,152.85952656630394,164.06579300233622,144.44907036272326
198,90.44494833566858,171.16222192119483,30.272353076731523,82.67844861521034,165.8334743452349,153.05267695403143,164.59399911072157,144.51813913254807
199,90.71955098299176,171.19285966092525,30.272816843728528,82.7345206747921,165.62433782758805,153.25033876802564,165.121940606222,144.69978340418385
200,90.72615296196959,170.77935185585102,30.326686837939505,82.59570186283882,165.43019871056327,153.25724582852325,165.47287229859893,144.7361578827898
201,90.68882156020102,170.8677893173493,30.34695944494108,82.60806279214867,165.43940799516767,153.12922514652877,165.30052035569406,144.7156759137457
202,89.01525575769699,171.0399272053044,30.556664423011767,82.39728761063826,165.89002040068547,153.29299407804172,164.0293551635533,144.55603733968695
203,88.2969339257949,170.21818140841745,30.54657832226882,82.07246795930091,168.16616343278434,153.02295181302898,159.60143599082846,144.31113258120712
204,87.01836827489537,169.7631440841547,30.7333129100703,81.38695276358739,170.5636625365347,153.58236069360117,154.4420089047265,145.24530671103508
205,88.0979068518643,169.57508815550833,31.24372983485554,81.15798938482097,171.73570981635385,154.5157245899761,152.34036699016733,147.31782480553886
206,88.07451066500853,166.66331454550343,31.596116971756746,79.64859630251871,173.43650750244058,156.0253144660252,151.13993134941225,152.79213905698154
207,86.72946956502827,160.55906470417963,32.78582619036896,75.31792584991656,175.75255717839093,157.57969303507411,150.47262528715905,159.6075954963171
208,87.02094112236719,150.35658925230632,31.71732913590202,65.87782684541854,179.77995277404744,159.59575955282162,151.29216498481733,167.11221193489834
209,90.74463212188049,143.7863450665581,30.870172493712236,54.8614260522722,176.5922875029395,158.99133443901525,153.22360499588802,165.86815516920225
210,94.95747317990087,135.80707237013436,28.239193717218892,44.469959818229654,172.22994307940667,157.74017715969546,153.75693359943952,154.66853643157913
211,101.09647887488339,125.13046476276531,24.3939965861922,30.91197880326167,170.58718485158548,159.08089003561025,156.34127291907205,146.45593987189582
212,109.82987102811786,113.83758474989696,19.345655092902476,21.214436518644696,169.19634172210203,159.7051471528676,157.8996690916282,138.68939039113297
213,125.72204898766653,113.99936427059428,10.236585391626233,13.556177159074178,167.67657965014584,161.25995676054828,157.6497348472853,126.60905022290757
214,129.5045261910825,118.70489514923564,1.8227248186698382,7.995285945776389,168.26192693678252,166.81256581387177,159.91268143862274,135.31105780741714
215,137.70144551547756,125.31416333310847,0.6951382449877415,7.724851792936706,170.0970542003044,167.78408499891205,162.6330691239178,137.30963093020546
216,143.32989329666987,127.48614055206357,3.2536995999897846,3.9582440728426356,171.4544211391253,169.6799922905183,165.00212242514695,138.81425175872917
217,147.58132800435922,154.44892333752418,4.3789427379284405,1.4616999495805831,170.65502615747374,173.11686878959105,165.43860359218115,146.59804386186568
218,106.27834406354715,122.8548026588115,6.079478629724517,5.948668320943854,166.90182500123535,177.80056551161783,171.65363339070865,138.02943763560143
219,114.40419267362776,106.75107762541812,5.8195244253158265,10.31622021674099,165.2030327276401,178.12083705836534,171.1823204192972,153.10856720110658
220,132.78478712917405,105.39101960706768,7.174011126122251,8.393174876508551,162.60935044156292,177.22938268318583,168.45406092205494,161.8726062729096
221,150.40505876388056,105.29363867817791,9.006767698134825,8.974892908772848,161.05752182863932,174.37272748431974,166.1546059940828,173.83272423834728
222,162.1438292972304,96.74488199321276,8.788449213455767,8.01574064654639,159.3690239733171,170.8379189276361,165.02960002205225,179.53695989298532
223,115.88320574060675,36.90072533905585,1.1825945931548172,12.582630173964574,164.50272476752573,165.1877747851798,175.07329423394506,159.16443636996124
224,117.03765711628827,26.22647976058087,7.309469566610373,13.451260001375026,168.02830612308904,162.1010137174583,171.62198609534533,156.63078031112343
225,115.7815992747633,13.464372013402551,14.087303822271533,20.22415881659385,169.74586321391288,159.38234738124572,169.04478831918468,154.73513094680158
226,118.62798488064462,1.6764834982436225,18.982401117692703,25.418595003537057,171.9098845217656,157.04461746185027,165.15402181145308,153.1742699292684
227,118.10365181619608,22.20021895648973,19.46093234869084,20.62815939465001,173.50457727948609,157.3083882494548,162.15428929309604,154.14064570711426
228,124.68165774769633,38.44077696958624,20.469257465121284,19.731354974003,174.19652755817188,156.56491779992447,161.17246966576752,153.96985426203037
229,127.93826449216952,79.26676387568166,16.73851904965593,16.205975043773876,174.47408124255304,156.36867959065748,163.08980062387843,152.88684646622337
230,128.03277462020213,129.05835089507988,10.685860917531452,14.412614205059807,173.72550948940938,155.70456271907582,164.61760160087454,153.0241780712655
231,119.24325672159424,151.7808725237827,1.5620902905009508,17.777802980682214,173.880448505743,153.9542227481687,165.618818262036,152.0616245126822
232,111.70569242444006,170.06658747131442,13.066397632944,20.7948985442338,173.64926985861618,152.34266840301635,166.3276436038377,149.5968176025501
233,107.43131104306076,173.43720614464004,28.999813378989657,21.152158444947982,172.19860019665188,149.17060070484342,166.9170629166864,145.73174836151193
234,94.45114229589652,173.57455587463414,41.06606363390337,21.016374733680166,171.02926531675664,146.94004508232698,166.84738725116668,142.4064373761616
235,91.13186661988888,173.2819646351952,43.80210465603367,20.950353666746693,168.37528841187512,147.52711221398002,169.1008007815312,141.87382535478164
236,92.43900758375172,173.73401640572555,41.49181371295778,21.90796395038503,165.99304278387547,149.39134248460596,170.1185348528122,141.81034853631664
237,91.5676302555804,171.9181570308456,41.87907148444737,22.963856684004938,164.79599731370382,153.12792712003656,166.58821548173628,143.59008478380028
238,91.58830558016237,172.67382231609864,40.408652904921446,24.449733473610987,166.80963466418223,161.0093861617638,158.61697485637015,149.140265818337
239,95.62650054964244,175.37616055142362,38.86137966623259,25.792375940044042,170.25916923787875,167.19143826261987,146.02955672007877,154.1832405788628
240,95.64779594851733,179.57650333641774,38.638367464424064,29.308000741509126,178.9506496870721,168.07578442878335,127.39932712150042,154.33677167286297
241,96.94787965633836,178.1441749239267,39.51691340410052,32.33217707740396,174.50356902672442,171.27767854908475,117.15343556969223,157.0616304290215
242,99.08769167465485,175.35541394782715,40.35618261109071,34.50821360517526,169.74115513977353,176.26620362089707,117.32398592284487,166.09229320230818
243,100.71286619292712,172.33370222952053,40.53235548139891,37.240310461160064,160.6806277330242,176.41155436489507,122.23720706799743,169.80634031938422
244,101.66767873342931,170.79354853438358,38.3445509789752,39.43591579319977,157.10499012037255,176.75225558444757,132.8129423029656,169.89164951043523
245,100.84618241534595,174.13896213844424,34.57417129265691,40.62549887611319,153.63913835993355,177.17430134144092,143.2796550494449,165.1823435481516
246,107.64826216093442,173.80990087169246,28.518060767111287,39.631661597955826,156.25580073778275,178.76953576257574,152.45511424392157,165.6029332213538
247,101.05565869747949,170.47034748495224,23.879961944005824,37.196186528996904,158.19211344386798,179.46093281969402,156.28337620422406,165.08458267926656
248,95.66185755197277,170.7517094806216,15.37072715717704,37.63626612114835,157.7755460483902,178.30784089125038,154.04764235358425,163.21074497951312
249,89.20781237416863,165.24437781142768,7.575313102275392,34.71510289373152,159.38648022604931,176.6513995153827,154.5320123968448,160.2116657201898
250,77.87860180853761,105.44058494847265,2.344285209958561,8.0657031755465,157.06793427209,176.3321878019362,152.53486658785943,157.0537613232553
251,69.305049844014,151.8493463994536,10.179462319209689,1.7539472825627187,154.70664499965193,174.4260721552103,150.32794684010386,157.18606646263012
252,75.85188207335001,127.58476582114338,23.052111468478373,1.7198181375535058,154.87931231577664,171.3763814140976,151.21947545096066,158.4827606221805
253,119.06402671007902,122.90175734576317,44.79656985639772,14.08639156289837,152.2191316836408,169.74067868549477,149.27511736136356,159.23668104704367
254,164.4230603041112,113.16151518977122,73.66944110126931,24.519024326555286,149.95111337281082,168.33356637460798,147.40284767986512,159.15127836852994
255,171.62341095644132,111.36114878602723,81.9596323222921,30.763476132214816,150.5276790654773,167.97380276119063,147.93214603190088,158.41612372895776
256,167.05781375305705,109.38341386232493,85.0079406875951,31.902516526322113,149.72245136763226,167.793781991495,147.40713593935288,158.86181850740704
257,169.49367702657457,108.9651058537389,86.88957728526816,32.26466032801736,150.8021705298051,167.77098787930066,147.9980632727921,159.55093049804375
258,171.08466770614424,109.23761371213284,87.83634178035463,33.95820418058338,150.7372163436668,167.81243114918274,147.97977752778894,160.2705117423166
259,169.1714519283911,109.74003736419516,87.8141516591751,33.36531215153622,151.16480135757254,167.46249997214258,148.43520577718115,160.85639602361417
260,166.90647458080454,108.31544079375215,86.92737551113817,34.32910893879316,150.53372051150035,167.1933654414857,147.81110595772907,161.30688701348922
261,165.21952800574755,110.26619600624893,87.52310421500813,33.6971809850537,150.34481529801866,167.24621896953354,147.72771163701665,161.51780018567675
262,159.9782659444115,110.24737398701726,86.04603818168685,33.15056631198278,149.95973798057514,167.08726140822756,147.44250442263004,161.6764426890089
263,159.14454473078314,108.69804668168175,85.87258855614446,33.64013764168153,149.75434093540704,166.69072593957716,146.71786640555607,161.98158009126976
264,159.05818539097982,108.37519412466166,86.2485568221493,33.760312297807026,149.66048071310328,166.4638031970097,146.49343239929786,162.25783821696882
265,158.99640827051465,107.53007428571192,86.47187200971362,33.66313480663465,149.78563202207178,166.04620103545759,146.37297824141334,162.6472977041638
266,159.79694435989353,107.37176042074371,86.36426690760547,33.36589723776233,149.88446448065176,166.1379411107921,146.2673104140461,162.03641916421546
267,160.88589292046163,107.40834538200028,86.44055468291022,33.103957728493064,149.9091104710079,166.89002446248978,146.20219736678476,160.57294624031096
268,156.66967110584488,106.45375782240349,84.47305273999034,33.10070705892316,149.97214492215517,167.5218064301521,146.4492966982654,158.971687304712
269,147.39707251062572,101.93107522640159,76.99136247952504,34.73387289353064,150.72132134428304,168.2255034359212,146.60742714055226,156.70727698505448
270,142.58538300842983,98.88972131579483,70.44894468067838,35.916527779927705,152.62275718584615,169.06658818405262,149.16649459983716,154.4094621529078
271,125.99226968565186,102.03590632378356,56.156835984151094,35.033561387282695,155.43553786999726,170.48634661938166,153.17239974589313,153.1672281716179
272,117.50667816413015,106.55181631116635,41.85281509513098,32.86716731189727,160.58628675806833,173.94284101181012,162.69306174900618,151.50373574092063
273,124.68441992305478,111.97190140892408,29.565366943335544,28.36648152972301,160.5525602209288,179.12160497041978,168.6565006861037,149.5043170630684
274,115.78751575297696,95.58926978463926,19.94733593237453,25.513781371430813,161.599762259812,177.8253269873388,170.6262744281931,150.23431838464046
275,119.29880792744605,112.84738770552107,14.428213190741987,12.328648915765498,161.12751996624812,173.70852435184557,163.83586532133145,152.80734654325323
276,126.06034007384817,141.37998745762545,8.78607581650405,4.62696225581622,159.19518149199774,170.56101377464375,154.66462320095428,154.89378837852075
277,126.68470286354967,127.52032538126586,1.4733294589173287,3.5084035950766608,160.46757985095368,168.68667639482834,144.42339931123487,157.97938000725236
278,122.01288127683944,131.6015670279151,2.7455163469539188,4.30578024198273,160.78535725703344,169.38886054936768,138.8189189357071,156.5995343863461
279,130.09626692048042,143.78459452800342,5.725147929181673,4.571092796445211,166.04269677519463,177.81617573210278,133.89684157265293,173.04169429212996
280,23.32460001106344,80.99344539287273,17.38382766591328,2.682248907762565,155.72392781448522,161.6239727066551,150.8467650248984,166.51111506274398
281,8.695653246208188,80.31902900680781,15.783950115825464,4.0980302024369255,153.33771170705413,160.66184806967271,147.69367900408315,168.7354637265663
282,0.13645831766990282,86.74963423428048,14.287618517403102,7.920693549686543,151.40649081111587,160.48640377145284,145.65718272808022,170.19405442613737
283,122.63407726965453,95.64628999530993,9.254661853094236,13.01884731484,149.64720365307284,161.28400664733348,144.12417042839556,170.80167668488073
284,152.72201327120604,99.07104335655886,7.45064332853873,17.384486694454555,150.8768294793793,159.92929140699928,144.21772402444543,172.07769462943952
285,166.06842029376398,100.62629015999946,9.110420446823765,21.343649976826896,150.50112142390375,159.3935122542991,143.16897517560963,171.90946576699733
286,171.7112331029758,99.23036959061876,10.837124771516221,25.184920115125465,150.22501769898494,159.00524765209525,142.65400865547608,171.73448135317474
287,170.21948908775556,96.74601527735331,10.60633772145192,26.64804841005097,152.23125857874143,161.34268794424136,145.1509072073552,165.67259940051375
288,169.0386107342213,96.11324004124174,11.049407294211495,25.972211691251623,157.84015113131525,167.88628080257445,149.40202354451876,148.85564631235846
289,166.01476591757887,97.48751882940282,12.52346886587043,26.297749246203896,164.55031973975554,171.05525911292,153.71878043155633,135.29819511078065
290,160.46352530917335,98.12640172258673,16.38673556458633,26.837321478211233,164.25008903945607,178.4959096458187,153.3573436706317,116.75325587211273
291,164.7365113450962,100.27561312394278,23.392253839331314,32.192356890185366,166.07615569945662,173.37799986037905,155.87207390435162,106.77859029347246
292,151.23724908833256,102.96765034102923,30.142083578920943,35.849865318178956,167.3498211577243,165.5799177207203,158.4738372629291,112.48011267958005
293,148.0621131936304,103.24435600112399,42.20006308161499,39.033929665646255,160.3672487491679,155.81167031732267,143.90623677562027,120.09303459899905
294,159.92519144370846,102.15961940152577,55.518571327015195,43.827556259711606,162.4381264588209,153.53645200097068,153.2008744138081,132.17408613855767
295,179.38747564989131,101.41435590571417,70.96743333938858,46.012399459193595,169.2364724924938,153.24197444742126,160.2251323166255,142.06799044048668
296,172.50143832783317,99.73895169944916,76.09060322837747,45.57527407828925,173.0133737951201,152.46662900658973,162.25454503134114,149.7392747975948
297,169.05437284803511,96.09257643237032,79.34416555649365,48.14245499007134,175.9351271422825,156.8222864505047,162.2207222254046,155.99738769495445
298,171.40973192897582,91.7512747746972,79.99862227806433,43.99085661687761,177.95983887648327,156.78897250012375,159.42821213059975,152.98854692229028
299,178.61920187266148,87.76923132757243,76.3440662923105,37.621608306134746,179.07548944190117,158.22921280460505,159.91223035886068,149.64982837058508
300,169.23962029462643,89.24675172691003,71.29958204341075,28.05020497186561,177.5985716103318,158.90250176094412,160.8356089202212,147.07809000110026
301,165.2876107645805,92.11383094455753,70.64543250921444,19.22044330293179,177.419490427743,158.7934133522453,161.50431968404118,147.54927204445252
302,144.76323675702213,98.49089799070705,61.312043322623246,8.83790280868415,179.48531084267577,159.9468236109158,160.30151740699594,150.58578080947234
303,97.40312831441906,95.94528697149245,31.446013438806556,3.5176007067555717,179.41337068314945,158.8327170384195,160.08399295194613,151.1976913625516
304,99.71680158510848,76.01223751376632,32.737028303670556,14.493665607218237,174.6110716734183,159.71013494263315,160.59236835436334,153.26986277499546
305,139.04652334428195,121.81684559021764,30.81057975587745,32.04514831501984,171.67579443203047,160.196169964953,161.64758294102822,153.53102506433595
306,132.28780437760503,160.39492298128255,27.136421295752132,53.1816109577314,171.51677074361288,159.15984750811072,162.6656297869992,152.41649502782653
307,90.57023855795842,159.20240978304864,13.306232887633941,62.424836880220134,171.49423343679547,154.55693561130346,162.7152079797403,150.9101825925731
308,88.13914105555524,157.067345196762,22.97780975410193,66.73222526531985,171.47692241086713,152.72029160919806,162.10498139454182,149.8363304379287
309,90.31444813290825,154.32528841058033,27.244035247602053,67.17721488228422,170.9127461676665,152.3592048423255,162.30082124360956,149.38669023624058
310,91.06442649490434,154.3827534604687,28.4766010032613,67.52692304546744,170.1956096623397,152.3283485209335,162.91866290971655,149.1489386761158
311,90.20178703460124,157.7344142383468,28.65860416462697,69.2825990524624,169.85684362272448,152.8498454563718,162.9331203059356,149.41859195478438
312,92.79034190538651,158.39406502795572,27.76663994909712,70.16217664044132,170.0180423509566,152.15740577495407,163.38391997783913,148.83130615762124
313,96.65202192472452,160.1232679208745,27.285032691316143,71.66826725787027,170.069801574402,151.30033626407374,163.41089354399105,148.4483819737325
314,94.24152146444425,160.80189771719793,26.10863377415696,72.88119813227911,170.0869467584622,150.9962345225485,163.62394921030904,148.18300034433128
315,95.67493868158876,162.50198709807398,26.224951677919655,73.74478084507138,170.1353617240937,150.9003139186053,163.84514588082112,147.88441609301924
316,98.03294218565163,163.59505441824857,26.380197667820195,74.61267879528125,170.1574704012369,150.95519119971615,163.9474420915767,147.70933175282568
317,99.62868435190394,165.52902069660183,25.91778412659314,75.48993539670653,170.14886881237595,151.39985432838247,163.91724048145812,147.92050207857955
318,101.89171484831425,167.1335493438398,26.036713120831884,76.19736050977158,170.15630461133608,151.61349821435942,163.79183279379623,148.1254402531522
319,99.28883372314216,166.89444813512418,26.059314487492994,76.05343798547946,170.14730689794058,151.72274316353872,163.74936123425707,148.22911750745763
320,101.68550190224148,167.40568518335346,26.004963516385374,76.79712089782541,170.22457209798557,151.78312075355402,163.24625587354305,148.1819751502475
321,98.17376239920277,166.80175237366456,26.244617034378532,77.29048157446142,170.25244677211847,152.03253701016433,162.91339504141024,148.35705187133658
322,96.82724357999558,166.68677725998103,26.52847013107398,78.16974618827768,170.36487602652224,152.3032165120523,162.0883579753977,148.59169034263877
323,98.09043979251817,164.57439104966568,27.063017965018716,78.64651764670556,170.52021404932276,153.62371297214165,161.58703141006183,149.34573370007095
324,98.9006502899129,161.76023189985642,27.0267747225952,78.84143100841395,170.68830103150677,154.70297190173557,161.02847608283363,150.02822972648778
325,101.4959152882621,162.3104249157238,25.570817743306872,79.86119952584278,170.91013487040075,155.86204040894393,160.57103211071467,151.80026645354516
326,104.9081402333121,160.75535001171053,24.007660752129134,78.82737294554241,171.9197540458522,157.36283373346072,159.58500932955386,154.19090411417181
327,105.98131107401727,157.27929128063667,20.6113425821732,77.26976402115001,173.64228349505845,159.049634794846,158.3415625073528,158.4305472694554
328,114.88439083915358,154.18625110189186,16.511886189536693,75.70650783440176,177.2612711675411,159.6078501556789,156.78248283817376,162.18381515889655
329,124.4098164897596,151.63824457160618,5.209292055761591,75.57138310141089,179.99924019661637,161.15990481001518,155.8300370786453,167.28597625850705
330,136.5845158282168,142.00323572691403,22.36488438193627,70.88265929974574,177.84393708812374,161.35605227721612,156.72343944744222,168.37486638253745
331,133.28956738821148,128.08042225808182,25.28591614011228,62.32253254866958,175.01678095657257,161.13705971592853,156.55228235802167,165.83877135000617
332,147.06810852860332,111.514930506863,17.903181555213106,53.63213509112862,173.15041332649216,160.7789267668976,156.7784718081243,162.04409011037856
333,143.00508941654752,94.6701213085535,17.32566282271593,40.35215969674084,173.21966630414911,160.8326269474668,159.00207662607727,157.08168328603168
334,138.31621803449613,74.7489378828851,17.399157903683378,32.57347713422461,174.90110092417433,161.61102609412043,163.48407628973192,153.05334594205772
335,143.80727312498962,56.0130493066564,20.592621328834717,27.32354213153029,173.58401300173188,164.09724100501774,165.27096122305338,149.43787544346307
336,134.04906431944582,46.50411354937928,22.08335460887946,26.9470539803864,173.67971412852097,165.0458892216595,164.54578568195603,147.32155836703296
337,101.6529627282454,42.76023473666982,19.660807390913003,22.910736068071117,173.44623980531213,167.15368250752974,161.70580333244163,148.21624276732788
338,78.5434123213447,42.596129476962794,19.578863368586,21.347168848923587,173.51112722282738,170.27285803482167,161.13042519328468,152.51051127368615
339,46.57460315096,40.93038722716556,18.547768205702095,20.577603346772868,173.37269585733358,171.64883511724685,161.41601227472918,153.46790235909532
340,33.668835384421534,48.05414991575179,16.260682371724588,19.12917115697366,172.0109729060916,173.54145218832076,162.55446969247163,156.07945554737117
341,178.06930895538162,58.51067996031814,27.930173991689422,15.124482127590852,172.95170539999643,176.79367894068082,165.49223080348193,162.31062066155306
342,77.8034020444252,66.51187413038116,24.736864649696404,11.788338971845548,173.73665951308226,179.00249748690374,168.6266948648568,167.90345501714964
343,73.03963998687034,61.82385758503672,25.81606269695177,9.366997610763898,175.14267989118957,179.47248408820667,172.38124346340797,172.25275213377572
344,95.44250354956337,67.18197164221846,26.65235088333955,6.483379146491075,175.3885758683947,177.98512913433882,174.11032331706568,174.77315958775165
